CodigoLocalidad,CodigoRecinto,CodigoMesa,CodigoPais,NombrePais,CodigoDepartamento,NombreDepartamento,CodigoCircunscripcionU,CodigoCircunscripcionE,CodigoProvincia,NombreProvincia,CodigoSeccion,NombreMunicipio,NombreLocalidad,NombreRecinto,NumeroMesa
267,25733,2068682,32,BOLIVIA,2,La Paz,0,1,6,Larecaja                                ,2,Guanay,Carura,U.E. Carura B,1
267,25733,2068702,32,BOLIVIA,2,La Paz,0,1,6,Larecaja                                ,2,Guanay,Carura,U.E. Carura B,3
3225,8016,2068822,32,BOLIVIA,2,La Paz,0,1,6,Larecaja                                ,2,Guanay,Candelaria,Unidad Educativa Candelaria,1
3225,8016,2068832,32,BOLIVIA,2,La Paz,0,1,6,Larecaja                                ,2,Guanay,Candelaria,Unidad Educativa Candelaria,2
3451,1,2068872,32,BOLIVIA,2,La Paz,0,1,6,Larecaja                                ,2,Guanay,Alto Chijini,U.E. Alto Chijini,1
4415,26155,2068892,32,BOLIVIA,2,La Paz,0,1,6,Larecaja                                ,2,Guanay,Challana Pampa,U.E. Challana,1
4546,32239,2068912,32,BOLIVIA,2,La Paz,0,1,6,Larecaja                                ,2,Guanay,Witoponte,U.E. 14 de Septiembre de Witoponte,1
304,2506,2069402,32,BOLIVIA,2,La Paz,0,1,6,Larecaja                                ,6,Tipuani,Cotapampa,U.E. Nestor Paz Zamora,1
285,2512,2070062,32,BOLIVIA,2,La Paz,0,1,6,Larecaja                                ,8,Teoponte,Tomachi,U.E. Tomachi,1
4547,32240,2070142,32,BOLIVIA,2,La Paz,0,1,6,Larecaja                                ,8,Teoponte,Uyapi,U.E. Uyapi,1
4533,32227,2070692,32,BOLIVIA,2,La Paz,0,1,7,Franz Tamayo                            ,1,Apolo,Pucasucho,U.E. Pucasucho,1
4534,32228,2070702,32,BOLIVIA,2,La Paz,0,1,7,Franz Tamayo                            ,1,Apolo,Sarayoj,U.E. Sarayoj,1
4536,32229,2070712,32,BOLIVIA,2,La Paz,0,1,7,Franz Tamayo                            ,1,Apolo,Nogal,U.E. Nogal,1
466,32265,2078732,32,BOLIVIA,2,La Paz,0,1,11,Sud Yungas                              ,2,Irupana,Irupana,U.E. 5 de Mayo,1
469,2652,2078772,32,BOLIVIA,2,La Paz,0,1,11,Sud Yungas                              ,2,Irupana,Chicaloma,U.E. Chicaloma,1
469,2652,2078782,32,BOLIVIA,2,La Paz,0,1,11,Sud Yungas                              ,2,Irupana,Chicaloma,U.E. Chicaloma,2
469,2652,2078792,32,BOLIVIA,2,La Paz,0,1,11,Sud Yungas                              ,2,Irupana,Chicaloma,U.E. Chicaloma,3
469,2652,2078802,32,BOLIVIA,2,La Paz,0,1,11,Sud Yungas                              ,2,Irupana,Chicaloma,U.E. Chicaloma,4
474,2656,2078902,32,BOLIVIA,2,La Paz,0,1,11,Sud Yungas                              ,2,Irupana,Laza,U.E. Victor Centellas,1
474,2656,2078912,32,BOLIVIA,2,La Paz,0,1,11,Sud Yungas                              ,2,Irupana,Laza,U.E. Victor Centellas,2
484,2664,2079572,32,BOLIVIA,2,La Paz,0,1,11,Sud Yungas                              ,4,Palos Blancos,Covendo,Esc. Franz Tamayo,1
484,2664,2079582,32,BOLIVIA,2,La Paz,0,1,11,Sud Yungas                              ,4,Palos Blancos,Covendo,Esc. Franz Tamayo,2
4549,32243,2079952,32,BOLIVIA,2,La Paz,0,1,11,Sud Yungas                              ,4,Palos Blancos,San Pedro de Cogotay,U.E. Cogotay,1
4548,32241,2086402,32,BOLIVIA,2,La Paz,0,1,14,Nor Yungas                              ,1,Coroico,Tocaña,U.E. Tocaña,1
4558,32253,2086412,32,BOLIVIA,2,La Paz,0,1,14,Nor Yungas                              ,1,Coroico,Cusilluni,U.E. Villa Rosario,1
4599,32344,2087272,32,BOLIVIA,2,La Paz,0,1,15,Abel Iturralde                          ,1,Ixiamas,Comunidad Originaria Tsimane Puerto Ruso Undumo,U.E. Puerto Ruso,1
628,2542,2087472,32,BOLIVIA,2,La Paz,0,1,15,Abel Iturralde                          ,2,San Buenaventura,Tumupasa,U.E. Tumupasa B,2
628,2542,2087482,32,BOLIVIA,2,La Paz,0,1,15,Abel Iturralde                          ,2,San Buenaventura,Tumupasa,U.E. Tumupasa B,3
628,2542,2087492,32,BOLIVIA,2,La Paz,0,1,15,Abel Iturralde                          ,2,San Buenaventura,Tumupasa,U.E. Tumupasa B,4
628,2542,2087502,32,BOLIVIA,2,La Paz,0,1,15,Abel Iturralde                          ,2,San Buenaventura,Tumupasa,U.E. Tumupasa B,5
628,2542,2087512,32,BOLIVIA,2,La Paz,0,1,15,Abel Iturralde                          ,2,San Buenaventura,Tumupasa,U.E. Tumupasa B,6
3470,1,2087532,32,BOLIVIA,2,La Paz,0,1,15,Abel Iturralde                          ,2,San Buenaventura,Buena Vista,Unidad Educativa Central Buena Vista,2
3474,1,3052922,32,BOLIVIA,3,Cochabamba,0,2,10,Chapare                                 ,3,Villa Tunari,San José de Angosta,Unidad Educativa San Jose de Angosta,2
4029,25357,3053162,32,BOLIVIA,3,Cochabamba,0,2,10,Chapare                                 ,3,Villa Tunari,San Benito,U.E. San Benito,1
4122,25539,3053172,32,BOLIVIA,3,Cochabamba,0,2,10,Chapare                                 ,3,Villa Tunari,Yuracare Limo del Isiboro,U.E. Limo,1
4423,26181,3053282,32,BOLIVIA,3,Cochabamba,0,2,10,Chapare                                 ,3,Villa Tunari,Ibarecito,U.E. Ibarecito,1
3248,1242,3055632,32,BOLIVIA,3,Cochabamba,0,2,12,Carrasco                                ,4,Chimoré,La Misión,Escuela La Mision,2
3855,1,3055722,32,BOLIVIA,3,Cochabamba,0,2,12,Carrasco                                ,4,Chimoré,Tres Islas,Unidad Educativa Tres Islas,1
3482,1,3057672,32,BOLIVIA,3,Cochabamba,0,2,12,Carrasco                                ,5,Puerto Villarroel,Comunidad Indígena Yuqui Biarecuate,Unidad Educativa Biarecuaté,1
3489,1,4012792,32,BOLIVIA,4,Oruro,0,3,2,Abaroa,1,Challapata,Uru Murato Wilañeque,U. E. Wilañeque,1
3492,1,4013972,32,BOLIVIA,4,Oruro,0,3,6,Poopó                                   ,1,Poopó,Puñaca,Esc. Puñaca,1
2181,2,4015692,32,BOLIVIA,4,Oruro,0,3,9,Sabaya                                  ,3,AIOC Uru Chipaya,Chipaya,U.E. Santa Ana,1
2181,2,4015702,32,BOLIVIA,4,Oruro,0,3,9,Sabaya                                  ,3,AIOC Uru Chipaya,Chipaya,U.E. Santa Ana,2
2181,2,4015712,32,BOLIVIA,4,Oruro,0,3,9,Sabaya                                  ,3,AIOC Uru Chipaya,Chipaya,U.E. Santa Ana,3
2182,2,4015722,32,BOLIVIA,4,Oruro,0,3,9,Sabaya                                  ,3,AIOC Uru Chipaya,Ayparavi,Esc. Puente Topater,1
2917,32088,4015732,32,BOLIVIA,4,Oruro,0,3,9,Sabaya                                  ,3,AIOC Uru Chipaya,Vestrullani,Casa Comunal de Vestrullani,1
3494,1,4016672,32,BOLIVIA,4,Oruro,0,3,14,Sebastián Pagador,1,Santiago de Huari,Uru Uru Llapa Llapani,Esc. Llapallapani,1
1958,32333,6012692,32,BOLIVIA,6,Tarija,0,4,3,Gran Chaco                              ,1,Yacuiba,Caiza J,U.E. Isaac Maldonado Reque de Caiza J,1
1964,15,6012882,32,BOLIVIA,6,Tarija,0,4,3,Gran Chaco                              ,1,Yacuiba,Crevaux,U.E. Crevaux Sud,1
1964,15,6012892,32,BOLIVIA,6,Tarija,0,4,3,Gran Chaco                              ,1,Yacuiba,Crevaux,U.E. Crevaux Sud,2
1964,15,6012902,32,BOLIVIA,6,Tarija,0,4,3,Gran Chaco                              ,1,Yacuiba,Crevaux,U.E. Crevaux Sud,3
1964,15,6012912,32,BOLIVIA,6,Tarija,0,4,3,Gran Chaco                              ,1,Yacuiba,Crevaux,U.E. Crevaux Sud,4
1964,15,6012922,32,BOLIVIA,6,Tarija,0,4,3,Gran Chaco                              ,1,Yacuiba,Crevaux,U.E. Crevaux Sud,5
1965,16,6012932,32,BOLIVIA,6,Tarija,0,4,3,Gran Chaco                              ,1,Yacuiba,D'Orbigni,U.E. D'Orbigny,1
1965,16,6012942,32,BOLIVIA,6,Tarija,0,4,3,Gran Chaco                              ,1,Yacuiba,D'Orbigni,U.E. D'Orbigny,2
1965,16,6012952,32,BOLIVIA,6,Tarija,0,4,3,Gran Chaco                              ,1,Yacuiba,D'Orbigni,U.E. D'Orbigny,3
3163,2,6013042,32,BOLIVIA,6,Tarija,0,4,3,Gran Chaco                              ,1,Yacuiba,La Purisima,U.E. La Purisima,1
3506,2,6013132,32,BOLIVIA,6,Tarija,0,4,3,Gran Chaco                              ,1,Yacuiba,Aguayrenda,Escuela 27 de Mayo,1
3506,2,6013142,32,BOLIVIA,6,Tarija,0,4,3,Gran Chaco                              ,1,Yacuiba,Aguayrenda,Escuela 27 de Mayo,2
4593,32334,6013152,32,BOLIVIA,6,Tarija,0,4,3,Gran Chaco                              ,1,Yacuiba,Pananty,U.E. Arakuarenda,1
1970,32327,6013402,32,BOLIVIA,6,Tarija,0,4,3,Gran Chaco                              ,2,Caraparí,Saladillo,U.E. Antoniano de Saladillo,1
1973,32325,6013462,32,BOLIVIA,6,Tarija,0,4,3,Gran Chaco                              ,2,Caraparí,Itau,U.E. Eustaquio Méndez,1
1976,32324,6013522,32,BOLIVIA,6,Tarija,0,4,3,Gran Chaco                              ,2,Caraparí,Zapatera Norte,Centro Pan,1
4025,25353,6013672,32,BOLIVIA,6,Tarija,0,4,3,Gran Chaco                              ,2,Caraparí,San Nicolas,Posta Sanitaria Kereimba Renda (Indigena),1
4591,32326,6013692,32,BOLIVIA,6,Tarija,0,4,3,Gran Chaco                              ,2,Caraparí,Laime,Sede Comunal Laime,1
1979,5,6014842,32,BOLIVIA,6,Tarija,0,4,3,Gran Chaco                              ,3,Villa Montes                            ,Capirendita,U.E. Capirendita,1
1979,5,6014852,32,BOLIVIA,6,Tarija,0,4,3,Gran Chaco                              ,3,Villa Montes                            ,Capirendita,U.E. Capirendita,2
1979,5,6014862,32,BOLIVIA,6,Tarija,0,4,3,Gran Chaco                              ,3,Villa Montes                            ,Capirendita,U.E. Capirendita,3
1979,5,6014872,32,BOLIVIA,6,Tarija,0,4,3,Gran Chaco                              ,3,Villa Montes                            ,Capirendita,U.E. Capirendita,4
1979,5,6014882,32,BOLIVIA,6,Tarija,0,4,3,Gran Chaco                              ,3,Villa Montes                            ,Capirendita,U.E. Capirendita,5
1980,32329,6014922,32,BOLIVIA,6,Tarija,0,4,3,Gran Chaco                              ,3,Villa Montes                            ,Caigua,Sede APG Caigua,1
1981,32331,6014942,32,BOLIVIA,6,Tarija,0,4,3,Gran Chaco                              ,3,Villa Montes                            ,Taihuati,Sede APG Tahiguaty,1
1982,32328,6014972,32,BOLIVIA,6,Tarija,0,4,3,Gran Chaco                              ,3,Villa Montes                            ,Tarairi,U.E. Héroes del Chaco del Tarairi,1
3198,2,6015122,32,BOLIVIA,6,Tarija,0,4,3,Gran Chaco                              ,3,Villa Montes                            ,Resistencia,U.E. Resistencia,1
3509,25528,6015162,32,BOLIVIA,6,Tarija,0,4,3,Gran Chaco                              ,3,Villa Montes                            ,Samayguate,U.E. Samaiguate,1
3510,2,6015172,32,BOLIVIA,6,Tarija,0,4,3,Gran Chaco                              ,3,Villa Montes                            ,Algarrobal,U.E. Algarrobal,1
4592,32330,6015262,32,BOLIVIA,6,Tarija,0,4,3,Gran Chaco                              ,3,Villa Montes                            ,Tucainty,U.E. Tucainty,1
2043,11,6017762,32,BOLIVIA,6,Tarija,0,4,6,O' Connor,1,Entre Ríos,Tarupayo,U.E. Tarupayo,1
2046,32321,6017832,32,BOLIVIA,6,Tarija,0,4,6,O' Connor,1,Entre Ríos,Potrerillos,Centro Sentir Potrerillos 2,1
2047,32320,6017862,32,BOLIVIA,6,Tarija,0,4,6,O' Connor,1,Entre Ríos,Timboy,Centro Avatirenda,1
2048,16,6017872,32,BOLIVIA,6,Tarija,0,4,6,O' Connor,1,Entre Ríos,Ñaurenda,U.E. Ñaurenda,1
2048,16,6017882,32,BOLIVIA,6,Tarija,0,4,6,O' Connor,1,Entre Ríos,Ñaurenda,U.E. Ñaurenda,2
2050,32323,6017912,32,BOLIVIA,6,Tarija,0,4,6,O' Connor,1,Entre Ríos,Palos Blancos,Posta Sanitaria de Palos Blancos,1
2051,18,6017922,32,BOLIVIA,6,Tarija,0,4,6,O' Connor,1,Entre Ríos,Zapaterambia,U.E. Puerto Margarita,1
2052,19,6017932,32,BOLIVIA,6,Tarija,0,4,6,O' Connor,1,Entre Ríos,Lagunitas,U.E. Lagunitas,1
3051,2,6018042,32,BOLIVIA,6,Tarija,0,4,6,O' Connor,1,Entre Ríos,Tentaguazu,Centro P.A.N Tentaguazu,1
3052,2,6018052,32,BOLIVIA,6,Tarija,0,4,6,O' Connor,1,Entre Ríos,Yuati,U.E. Mistolar,1
3052,2,6018062,32,BOLIVIA,6,Tarija,0,4,6,O' Connor,1,Entre Ríos,Yuati,U.E. Mistolar,2
3515,2,6018092,32,BOLIVIA,6,Tarija,0,4,6,O' Connor,1,Entre Ríos,Tentapiao,U.E. Tentapiau,1
3756,1,6018122,32,BOLIVIA,6,Tarija,0,4,6,O' Connor,1,Entre Ríos,Yukimbia,U.E. Yukimbia,1
4116,25527,6018132,32,BOLIVIA,6,Tarija,0,4,6,O' Connor,1,Entre Ríos,Alto Ipaguazu,U.E. Alto Ipaguazu,1
3539,1,7062982,32,BOLIVIA,7,Santa Cruz,0,5,2,Warnes                                  ,1,Warnes,Alba Tapera,Esc. Unid. Edu. 21 De Octubre,1
3539,1,7062992,32,BOLIVIA,7,Santa Cruz,0,5,2,Warnes                                  ,1,Warnes,Alba Tapera,Esc. Unid. Edu. 21 De Octubre,2
3540,1,7063002,32,BOLIVIA,7,Santa Cruz,0,5,2,Warnes                                  ,1,Warnes,Futuro,Esc. Unid. Edu. Seccional El Futuro,1
2287,24005,7064442,32,BOLIVIA,7,Santa Cruz,0,5,3,Velasco                                 ,1,San Ignacio,El Carmen de Ruíz,U.E. 13 de Mayo,1
2287,24005,7064452,32,BOLIVIA,7,Santa Cruz,0,5,3,Velasco                                 ,1,San Ignacio,El Carmen de Ruíz,U.E. 13 de Mayo,2
2287,24005,7064462,32,BOLIVIA,7,Santa Cruz,0,5,3,Velasco                                 ,1,San Ignacio,El Carmen de Ruíz,U.E. 13 de Mayo,3
2288,4006,7064472,32,BOLIVIA,7,Santa Cruz,0,5,3,Velasco                                 ,1,San Ignacio,Florida,Esc. Alberto Natusch Busch,1
2289,4007,7064482,32,BOLIVIA,7,Santa Cruz,0,5,3,Velasco                                 ,1,San Ignacio,Piso Firme,U.E. Modesto Gómez Pedraza,1
2289,4007,7064492,32,BOLIVIA,7,Santa Cruz,0,5,3,Velasco                                 ,1,San Ignacio,Piso Firme,U.E. Modesto Gómez Pedraza,2
2294,4010,7064592,32,BOLIVIA,7,Santa Cruz,0,5,3,Velasco                                 ,1,San Ignacio,Porvenir,U.E. Porvenir,1
3364,24022,7064822,32,BOLIVIA,7,Santa Cruz,0,5,3,Velasco                                 ,1,San Ignacio,Buena Hora,U.E. Prof. Rubén Coímbra Callau,1
3541,1,7064832,32,BOLIVIA,7,Santa Cruz,0,5,3,Velasco                                 ,1,San Ignacio,La Estrella,U.E. Santa Clara,1
3541,1,7064842,32,BOLIVIA,7,Santa Cruz,0,5,3,Velasco                                 ,1,San Ignacio,La Estrella,U.E. Santa Clara,2
3541,1,7064852,32,BOLIVIA,7,Santa Cruz,0,5,3,Velasco                                 ,1,San Ignacio,La Estrella,U.E. Santa Clara,3
3541,1,7064862,32,BOLIVIA,7,Santa Cruz,0,5,3,Velasco                                 ,1,San Ignacio,La Estrella,U.E. Santa Clara,4
3542,1,7064872,32,BOLIVIA,7,Santa Cruz,0,5,3,Velasco                                 ,1,San Ignacio,San Josema,U.E. Juan de Dios Zabala Silva,1
3544,1,7064902,32,BOLIVIA,7,Santa Cruz,0,5,3,Velasco                                 ,1,San Ignacio,Pailita,U.E. Ignacio Dorado,1
3545,1,7064912,32,BOLIVIA,7,Santa Cruz,0,5,3,Velasco                                 ,1,San Ignacio,San Nicolas del Cerrito,U.E. Simon Bolivar,1
3979,1,7065102,32,BOLIVIA,7,Santa Cruz,0,5,3,Velasco                                 ,1,San Ignacio,San Javierito,U.E. San Javierito,1
3979,1,7065112,32,BOLIVIA,7,Santa Cruz,0,5,3,Velasco                                 ,1,San Ignacio,San Javierito,U.E. San Javierito,2
3979,1,7065122,32,BOLIVIA,7,Santa Cruz,0,5,3,Velasco                                 ,1,San Ignacio,San Javierito,U.E. San Javierito,3
3980,1,7065132,32,BOLIVIA,7,Santa Cruz,0,5,3,Velasco                                 ,1,San Ignacio,15 de Agosto,U.E. 15 de Agosto,1
3981,1,7065142,32,BOLIVIA,7,Santa Cruz,0,5,3,Velasco                                 ,1,San Ignacio,San Rafaelito de Suponema,U.E. Profesor Hernan Capobiano,1
3982,1,7065152,32,BOLIVIA,7,Santa Cruz,0,5,3,Velasco                                 ,1,San Ignacio,Santa Anita de la Frontera,U.E. Santa Anita de La Frontera,1
3983,1,7065162,32,BOLIVIA,7,Santa Cruz,0,5,3,Velasco                                 ,1,San Ignacio,San Lorecinto de la Frontera,U.E. San Lorencito de La Frontera,1
3983,1,7065172,32,BOLIVIA,7,Santa Cruz,0,5,3,Velasco                                 ,1,San Ignacio,San Lorecinto de la Frontera,U.E. San Lorencito de La Frontera,2
3984,1,7065182,32,BOLIVIA,7,Santa Cruz,0,5,3,Velasco                                 ,1,San Ignacio,San Bartolo de la Frontera,U.E. San Bartolo de La Frontera,1
4507,32133,7065242,32,BOLIVIA,7,Santa Cruz,0,5,3,Velasco                                 ,1,San Ignacio,Picaflor,U. E. Petrona Frey Algarañaz,1
4604,32340,7065252,32,BOLIVIA,7,Santa Cruz,0,5,3,Velasco                                 ,1,San Ignacio,Comunidad Indígena Marco Porvenir,U.E. Rafael Espinoza Bacusia,1
3547,1,7065562,32,BOLIVIA,7,Santa Cruz,0,5,3,Velasco                                 ,2,San Miguel,Cruz del Tocoigo,U.E. El Tacoigo,1
3550,1,7065592,32,BOLIVIA,7,Santa Cruz,0,5,3,Velasco                                 ,2,San Miguel,San Pedro del Cerrito,U.E. El Cerrito,1
2302,6319,7065762,32,BOLIVIA,7,Santa Cruz,0,5,3,Velasco                                 ,3,San Rafael,Villa Fátima,U.E. Villa Fatima,1
3553,1,7068342,32,BOLIVIA,7,Santa Cruz,0,5,4,Ichilo                                  ,3,Yapacaní                                ,El Pallar,Esc. El Pallar,1
3553,1,7068352,32,BOLIVIA,7,Santa Cruz,0,5,4,Ichilo                                  ,3,Yapacaní                                ,El Pallar,Esc. El Pallar,2
3699,1,7068362,32,BOLIVIA,7,Santa Cruz,0,5,4,Ichilo                                  ,3,Yapacaní                                ,Corte Hondo,Escuela Corte Hondo,1
3555,1,7069392,32,BOLIVIA,7,Santa Cruz,0,5,5,Chiquitos                               ,1,San José                                ,Santa Teresita,Esc. Santa Teresita,1
3556,1,7070282,32,BOLIVIA,7,Santa Cruz,0,5,5,Chiquitos                               ,2,Pailón,Puesto Paz,Esc. Puesto Paz,1
3557,1,7070292,32,BOLIVIA,7,Santa Cruz,0,5,5,Chiquitos                               ,2,Pailón,Poza Verde,Esc. Poza Verde,1
2864,13017,7070902,32,BOLIVIA,7,Santa Cruz,0,5,5,Chiquitos                               ,3,Roboré,Aguas Calientes,U.E. Aguas Calientes,1
2864,13017,7070912,32,BOLIVIA,7,Santa Cruz,0,5,5,Chiquitos                               ,3,Roboré,Aguas Calientes,U.E. Aguas Calientes,2
2864,13017,7070922,32,BOLIVIA,7,Santa Cruz,0,5,5,Chiquitos                               ,3,Roboré,Aguas Calientes,U.E. Aguas Calientes,3
3560,1,7070952,32,BOLIVIA,7,Santa Cruz,0,5,5,Chiquitos                               ,3,Roboré,Agua Negra,U.E. Agua Negra,1
2866,4055,7072352,32,BOLIVIA,7,Santa Cruz,0,5,7,Cordillera                              ,1,Lagunillas,Agua Grande,U.E. Kereimba,1
2866,4055,7072362,32,BOLIVIA,7,Santa Cruz,0,5,7,Cordillera                              ,1,Lagunillas,Agua Grande,U.E. Kereimba,2
2869,4056,7072372,32,BOLIVIA,7,Santa Cruz,0,5,7,Cordillera                              ,1,Lagunillas,Alto Parapeti,U.E. Iviyeca,1
3563,1,7072382,32,BOLIVIA,7,Santa Cruz,0,5,7,Cordillera                              ,1,Lagunillas,Tasete,U.E. Tazete,1
3987,1,7072392,32,BOLIVIA,7,Santa Cruz,0,5,7,Cordillera                              ,1,Lagunillas,Tenta Piau,U. E. Tenta Piau,1
3988,1,7072402,32,BOLIVIA,7,Santa Cruz,0,5,7,Cordillera                              ,1,Lagunillas,Caraparicito,U.E. Carparicito,1
3989,1,7072412,32,BOLIVIA,7,Santa Cruz,0,5,7,Cordillera                              ,1,Lagunillas,Pampa Redonda,U.E. Pampa Redonda,1
3990,1,7072422,32,BOLIVIA,7,Santa Cruz,0,5,7,Cordillera                              ,1,Lagunillas,Yaity,U.E. Yaity,1
4162,25554,7072432,32,BOLIVIA,7,Santa Cruz,0,5,7,Cordillera                              ,1,Lagunillas,Buena Vista,Salón de Reuniones,1
4163,25555,7072442,32,BOLIVIA,7,Santa Cruz,0,5,7,Cordillera                              ,1,Lagunillas,Potrerillos Los Pozos,U.E. Rafael Julián,1
4164,25556,7072452,32,BOLIVIA,7,Santa Cruz,0,5,7,Cordillera                              ,1,Lagunillas,Irenda,U.E. Irenda,1
4572,32283,7072462,32,BOLIVIA,7,Santa Cruz,0,5,7,Cordillera                              ,1,Lagunillas,Kuruyuqui,U.E. José María Carpio,1
4575,32285,7072472,32,BOLIVIA,7,Santa Cruz,0,5,7,Cordillera                              ,1,Lagunillas,Mocomocal,U.E. Mocomocal,1
4577,32288,7072482,32,BOLIVIA,7,Santa Cruz,0,5,7,Cordillera                              ,1,Lagunillas,Curupaiti,U.E. Andrés Avalos,1
2358,4019,7072662,32,BOLIVIA,7,Santa Cruz,0,5,7,Cordillera                              ,2,AIOC Charagua Iyambae,San Lorenzo (Cordillera),U.E. Manuel Jesus Añez Cespedes,1
2361,4004,7072742,32,BOLIVIA,7,Santa Cruz,0,5,7,Cordillera                              ,2,AIOC Charagua Iyambae,Saipurú,U.E. Felix Arredondo,1
2363,4023,7072752,32,BOLIVIA,7,Santa Cruz,0,5,7,Cordillera                              ,2,AIOC Charagua Iyambae,Masavi,U.E. 30 de Septiembre,1
2363,4023,7072762,32,BOLIVIA,7,Santa Cruz,0,5,7,Cordillera                              ,2,AIOC Charagua Iyambae,Masavi,U.E. 30 de Septiembre,2
2363,4023,7072772,32,BOLIVIA,7,Santa Cruz,0,5,7,Cordillera                              ,2,AIOC Charagua Iyambae,Masavi,U.E. 30 de Septiembre,3
2364,4024,7072782,32,BOLIVIA,7,Santa Cruz,0,5,7,Cordillera                              ,2,AIOC Charagua Iyambae,El Espino,U.E. Manuel Arias Vaca,1
2364,4024,7072792,32,BOLIVIA,7,Santa Cruz,0,5,7,Cordillera                              ,2,AIOC Charagua Iyambae,El Espino,U.E. Manuel Arias Vaca,2
2364,4024,7072802,32,BOLIVIA,7,Santa Cruz,0,5,7,Cordillera                              ,2,AIOC Charagua Iyambae,El Espino,U.E. Manuel Arias Vaca,3
2365,4025,7072812,32,BOLIVIA,7,Santa Cruz,0,5,7,Cordillera                              ,2,AIOC Charagua Iyambae,Taputá,U.E. Profesor Elvio Suarez Alba,1
2365,4025,7072822,32,BOLIVIA,7,Santa Cruz,0,5,7,Cordillera                              ,2,AIOC Charagua Iyambae,Taputá,U.E. Profesor Elvio Suarez Alba,2
2368,4016,7072832,32,BOLIVIA,7,Santa Cruz,0,5,7,Cordillera                              ,2,AIOC Charagua Iyambae,Parapetí Grande San Antonio(Cap.),U.E. Enrique Quintela Taborga,1
2368,4016,7072842,32,BOLIVIA,7,Santa Cruz,0,5,7,Cordillera                              ,2,AIOC Charagua Iyambae,Parapetí Grande San Antonio(Cap.),U.E. Enrique Quintela Taborga,2
2368,4016,7072852,32,BOLIVIA,7,Santa Cruz,0,5,7,Cordillera                              ,2,AIOC Charagua Iyambae,Parapetí Grande San Antonio(Cap.),U.E. Enrique Quintela Taborga,3
2368,4016,7072862,32,BOLIVIA,7,Santa Cruz,0,5,7,Cordillera                              ,2,AIOC Charagua Iyambae,Parapetí Grande San Antonio(Cap.),U.E. Enrique Quintela Taborga,4
2369,4018,7072872,32,BOLIVIA,7,Santa Cruz,0,5,7,Cordillera                              ,2,AIOC Charagua Iyambae,La Brecha,U.E. Manuel Pikasuti,1
2369,4018,7072882,32,BOLIVIA,7,Santa Cruz,0,5,7,Cordillera                              ,2,AIOC Charagua Iyambae,La Brecha,U.E. Manuel Pikasuti,2
2369,4018,7072892,32,BOLIVIA,7,Santa Cruz,0,5,7,Cordillera                              ,2,AIOC Charagua Iyambae,La Brecha,U.E. Manuel Pikasuti,3
2369,4018,7072902,32,BOLIVIA,7,Santa Cruz,0,5,7,Cordillera                              ,2,AIOC Charagua Iyambae,La Brecha,U.E. Manuel Pikasuti,4
2369,4018,7072912,32,BOLIVIA,7,Santa Cruz,0,5,7,Cordillera                              ,2,AIOC Charagua Iyambae,La Brecha,U.E. Manuel Pikasuti,5
2370,4028,7072922,32,BOLIVIA,7,Santa Cruz,0,5,7,Cordillera                              ,2,AIOC Charagua Iyambae,Iyovi Aguarigua,U.E. Enrique Iyambae,1
2370,4028,7072932,32,BOLIVIA,7,Santa Cruz,0,5,7,Cordillera                              ,2,AIOC Charagua Iyambae,Iyovi Aguarigua,U.E. Enrique Iyambae,2
2370,4028,7072942,32,BOLIVIA,7,Santa Cruz,0,5,7,Cordillera                              ,2,AIOC Charagua Iyambae,Iyovi Aguarigua,U.E. Enrique Iyambae,3
2370,4028,7072952,32,BOLIVIA,7,Santa Cruz,0,5,7,Cordillera                              ,2,AIOC Charagua Iyambae,Iyovi Aguarigua,U.E. Enrique Iyambae,4
2370,4028,7072962,32,BOLIVIA,7,Santa Cruz,0,5,7,Cordillera                              ,2,AIOC Charagua Iyambae,Iyovi Aguarigua,U.E. Enrique Iyambae,5
2371,4029,7072982,32,BOLIVIA,7,Santa Cruz,0,5,7,Cordillera                              ,2,AIOC Charagua Iyambae,Izozog Coopere Brecha Loma(Cap.),U.E. Guarikusari Aguilera José,2
2371,4029,7072992,32,BOLIVIA,7,Santa Cruz,0,5,7,Cordillera                              ,2,AIOC Charagua Iyambae,Izozog Coopere Brecha Loma(Cap.),U.E. Guarikusari Aguilera José,3
2373,4030,7073002,32,BOLIVIA,7,Santa Cruz,0,5,7,Cordillera                              ,2,AIOC Charagua Iyambae,Comunidad Indígena Cuarirenda Izozog,U. E. Juan Felix  Arandiko,1
2373,4030,7073012,32,BOLIVIA,7,Santa Cruz,0,5,7,Cordillera                              ,2,AIOC Charagua Iyambae,Comunidad Indígena Cuarirenda Izozog,U. E. Juan Felix  Arandiko,2
2373,4030,7073022,32,BOLIVIA,7,Santa Cruz,0,5,7,Cordillera                              ,2,AIOC Charagua Iyambae,Comunidad Indígena Cuarirenda Izozog,U. E. Juan Felix  Arandiko,3
2763,4021,7073042,32,BOLIVIA,7,Santa Cruz,0,5,7,Cordillera                              ,2,AIOC Charagua Iyambae,Rancho Nuevo,U.E. José Esteban,1
2763,4021,7073052,32,BOLIVIA,7,Santa Cruz,0,5,7,Cordillera                              ,2,AIOC Charagua Iyambae,Rancho Nuevo,U.E. José Esteban,2
2763,4021,7073062,32,BOLIVIA,7,Santa Cruz,0,5,7,Cordillera                              ,2,AIOC Charagua Iyambae,Rancho Nuevo,U.E. José Esteban,3
2854,4053,7073072,32,BOLIVIA,7,Santa Cruz,0,5,7,Cordillera                              ,2,AIOC Charagua Iyambae,Caipepe,Esc. Secc. de Kaipepe,1
2854,4053,7073082,32,BOLIVIA,7,Santa Cruz,0,5,7,Cordillera                              ,2,AIOC Charagua Iyambae,Caipepe,Esc. Secc. de Kaipepe,2
2855,14060,7073092,32,BOLIVIA,7,Santa Cruz,0,5,7,Cordillera                              ,2,AIOC Charagua Iyambae,San Francisco,U.E. Parapety,1
2865,4061,7073102,32,BOLIVIA,7,Santa Cruz,0,5,7,Cordillera                              ,2,AIOC Charagua Iyambae,Isiporenda,U.E. Santa Rosa,1
2865,4061,7073112,32,BOLIVIA,7,Santa Cruz,0,5,7,Cordillera                              ,2,AIOC Charagua Iyambae,Isiporenda,U.E. Santa Rosa,2
3095,14020,7073122,32,BOLIVIA,7,Santa Cruz,0,5,7,Cordillera                              ,2,AIOC Charagua Iyambae,Tacobo,U.E. San Juan de Dios,1
3095,14020,7073132,32,BOLIVIA,7,Santa Cruz,0,5,7,Cordillera                              ,2,AIOC Charagua Iyambae,Tacobo,U.E. San Juan de Dios,2
3564,1,7073142,32,BOLIVIA,7,Santa Cruz,0,5,7,Cordillera                              ,2,AIOC Charagua Iyambae,Pueblo Nuevo Parapeti,U.E. Juan de la Cruz Miranda,1
3564,1,7073152,32,BOLIVIA,7,Santa Cruz,0,5,7,Cordillera                              ,2,AIOC Charagua Iyambae,Pueblo Nuevo Parapeti,U.E. Juan de la Cruz Miranda,2
3565,1,7073162,32,BOLIVIA,7,Santa Cruz,0,5,7,Cordillera                              ,2,AIOC Charagua Iyambae,Okita,Esc. Okita,1
3566,1,7073172,32,BOLIVIA,7,Santa Cruz,0,5,7,Cordillera                              ,2,AIOC Charagua Iyambae,25 de Mayo,U.E. 12 de Abril,1
3567,1,7073182,32,BOLIVIA,7,Santa Cruz,0,5,7,Cordillera                              ,2,AIOC Charagua Iyambae,Nueva Esperanza,U.E. Bonifacio Barrientos Iyambae,1
3972,1,7073192,32,BOLIVIA,7,Santa Cruz,0,5,7,Cordillera                              ,2,AIOC Charagua Iyambae,Joseravi,U.E. Joseravi,1
4036,25367,7073202,32,BOLIVIA,7,Santa Cruz,0,5,7,Cordillera                              ,2,AIOC Charagua Iyambae,Akae,U.E. Pedro Ramos,1
4036,25367,7073212,32,BOLIVIA,7,Santa Cruz,0,5,7,Cordillera                              ,2,AIOC Charagua Iyambae,Akae,U.E. Pedro Ramos,2
4037,25368,7073222,32,BOLIVIA,7,Santa Cruz,0,5,7,Cordillera                              ,2,AIOC Charagua Iyambae,Capiguazuti,U.E. 24 de Septiembre,1
4038,25369,7073232,32,BOLIVIA,7,Santa Cruz,0,5,7,Cordillera                              ,2,AIOC Charagua Iyambae,Machipo,U.E. Machipo,1
4039,25370,7073242,32,BOLIVIA,7,Santa Cruz,0,5,7,Cordillera                              ,2,AIOC Charagua Iyambae,Tarenda,U.E. Juan Luis Otin,1
4040,25371,7073252,32,BOLIVIA,7,Santa Cruz,0,5,7,Cordillera                              ,2,AIOC Charagua Iyambae,Yapiroa,U.E. Yapiroa,1
4040,25371,7073262,32,BOLIVIA,7,Santa Cruz,0,5,7,Cordillera                              ,2,AIOC Charagua Iyambae,Yapiroa,U.E. Yapiroa,2
3568,1,7073832,32,BOLIVIA,7,Santa Cruz,0,5,7,Cordillera                              ,3,Cabezas,Yatirenda,U.E. Yateirenda,1
3568,1,7073842,32,BOLIVIA,7,Santa Cruz,0,5,7,Cordillera                              ,3,Cabezas,Yatirenda,U.E. Yateirenda,2
3569,1,7073852,32,BOLIVIA,7,Santa Cruz,0,5,7,Cordillera                              ,3,Cabezas,Cotoca,U.E. Cotoca,1
3064,4065,7074062,32,BOLIVIA,7,Santa Cruz,0,5,7,Cordillera                              ,4,Cuevo,Huaraca,U.E Huaraca,1
3572,1,7074082,32,BOLIVIA,7,Santa Cruz,0,5,7,Cordillera                              ,4,Cuevo,Itakuatia,U.E. Itacuatia,1
3985,1,7074092,32,BOLIVIA,7,Santa Cruz,0,5,7,Cordillera                              ,4,Cuevo,Salinas,U.E. Salinas,1
2367,4027,7074162,32,BOLIVIA,7,Santa Cruz,0,5,7,Cordillera                              ,5,AIOC Guaraní Kereimba Iyaambae,Guasanti,U.E. Guasuanti,1
2367,4027,7074172,32,BOLIVIA,7,Santa Cruz,0,5,7,Cordillera                              ,5,AIOC Guaraní Kereimba Iyaambae,Guasanti,U.E. Guasuanti,2
2386,4042,7074222,32,BOLIVIA,7,Santa Cruz,0,5,7,Cordillera                              ,5,AIOC Guaraní Kereimba Iyaambae,San Miguel de Kuruguaka,U.E. San Miguel de Curuguacua,1
2387,4043,7074232,32,BOLIVIA,7,Santa Cruz,0,5,7,Cordillera                              ,5,AIOC Guaraní Kereimba Iyaambae,Palmarito,U.E. San José,1
2387,4043,7074242,32,BOLIVIA,7,Santa Cruz,0,5,7,Cordillera                              ,5,AIOC Guaraní Kereimba Iyaambae,Palmarito,U.E. San José,2
2389,4044,7074272,32,BOLIVIA,7,Santa Cruz,0,5,7,Cordillera                              ,5,AIOC Guaraní Kereimba Iyaambae,Ipitacito del Monte,Esc. Miguel Landivar,1
2389,4044,7074282,32,BOLIVIA,7,Santa Cruz,0,5,7,Cordillera                              ,5,AIOC Guaraní Kereimba Iyaambae,Ipitacito del Monte,Esc. Miguel Landivar,2
2390,4045,7074292,32,BOLIVIA,7,Santa Cruz,0,5,7,Cordillera                              ,5,AIOC Guaraní Kereimba Iyaambae,Tatarenda Vieja,U.E. Clemente Irazavi,1
2390,4045,7074302,32,BOLIVIA,7,Santa Cruz,0,5,7,Cordillera                              ,5,AIOC Guaraní Kereimba Iyaambae,Tatarenda Vieja,U.E. Clemente Irazavi,2
2392,4047,7074312,32,BOLIVIA,7,Santa Cruz,0,5,7,Cordillera                              ,5,AIOC Guaraní Kereimba Iyaambae,Ibamirapinta,Esc. Ibamirapinta,1
2392,4047,7074322,32,BOLIVIA,7,Santa Cruz,0,5,7,Cordillera                              ,5,AIOC Guaraní Kereimba Iyaambae,Ibamirapinta,Esc. Ibamirapinta,2
2392,4047,7074332,32,BOLIVIA,7,Santa Cruz,0,5,7,Cordillera                              ,5,AIOC Guaraní Kereimba Iyaambae,Ibamirapinta,Esc. Ibamirapinta,3
2867,4059,7074342,32,BOLIVIA,7,Santa Cruz,0,5,7,Cordillera                              ,5,AIOC Guaraní Kereimba Iyaambae,Caipipendi,U.E. Kaipipendi,1
2868,4058,7074352,32,BOLIVIA,7,Santa Cruz,0,5,7,Cordillera                              ,5,AIOC Guaraní Kereimba Iyaambae,Capirenda,U.E. Kapirenda,1
2868,4058,7074362,32,BOLIVIA,7,Santa Cruz,0,5,7,Cordillera                              ,5,AIOC Guaraní Kereimba Iyaambae,Capirenda,U.E. Kapirenda,2
2870,4054,7074372,32,BOLIVIA,7,Santa Cruz,0,5,7,Cordillera                              ,5,AIOC Guaraní Kereimba Iyaambae,Itembeguazu,U.E. Itaimbeguasu,1
2870,4054,7074382,32,BOLIVIA,7,Santa Cruz,0,5,7,Cordillera                              ,5,AIOC Guaraní Kereimba Iyaambae,Itembeguazu,U.E. Itaimbeguasu,2
2393,4048,7075422,32,BOLIVIA,7,Santa Cruz,0,5,7,Cordillera                              ,6,Camiri,El Rodeo,U.E. El Rodeo,1
2393,4048,7075432,32,BOLIVIA,7,Santa Cruz,0,5,7,Cordillera                              ,6,Camiri,El Rodeo,U.E. El Rodeo,2
2395,4050,7075452,32,BOLIVIA,7,Santa Cruz,0,5,7,Cordillera                              ,6,Camiri,Itanambikua,U.E. Juan Pablo Rivero Herbas,1
2395,4050,7075462,32,BOLIVIA,7,Santa Cruz,0,5,7,Cordillera                              ,6,Camiri,Itanambikua,U.E. Juan Pablo Rivero Herbas,2
2395,4050,7075472,32,BOLIVIA,7,Santa Cruz,0,5,7,Cordillera                              ,6,Camiri,Itanambikua,U.E. Juan Pablo Rivero Herbas,3
2395,4050,7075482,32,BOLIVIA,7,Santa Cruz,0,5,7,Cordillera                              ,6,Camiri,Itanambikua,U.E. Juan Pablo Rivero Herbas,4
3573,1,7075552,32,BOLIVIA,7,Santa Cruz,0,5,7,Cordillera                              ,6,Camiri,Guirarapo,U.E. Guirarapo,1
3574,1,7075562,32,BOLIVIA,7,Santa Cruz,0,5,7,Cordillera                              ,6,Camiri,Curundaity,U.E. Urundayti,1
3574,1,7075572,32,BOLIVIA,7,Santa Cruz,0,5,7,Cordillera                              ,6,Camiri,Curundaity,U.E. Urundayti,2
3575,1,7075582,32,BOLIVIA,7,Santa Cruz,0,5,7,Cordillera                              ,6,Camiri,Imbochi,U.E. Imbochi,1
3576,1,7075592,32,BOLIVIA,7,Santa Cruz,0,5,7,Cordillera                              ,6,Camiri,Puente Viejo,U.E. El Puente,1
3576,1,7075602,32,BOLIVIA,7,Santa Cruz,0,5,7,Cordillera                              ,6,Camiri,Puente Viejo,U.E. El Puente,2
3577,1,7075742,32,BOLIVIA,7,Santa Cruz,0,5,7,Cordillera                              ,7,Boyuibe,Pozo del Monte,U.E. Paulino Moreno,1
3588,1,7082892,32,BOLIVIA,7,Santa Cruz,0,5,10,Obispo Santistéban,3,Mineros,San Juan del Carmen,U.E. Francisco Pedraza,1
3589,1,7083272,32,BOLIVIA,7,Santa Cruz,0,5,10,Obispo Santistéban,4,Fernández Alonso,Betania,U.E. 24 de septiembre,1
2468,1,7084212,32,BOLIVIA,7,Santa Cruz,0,5,11,Ñuflo De Chávez,1,Concepción,Candelaria (Ñ.de Chavez),U.E. Hno. Wendelin,1
2468,1,7084222,32,BOLIVIA,7,Santa Cruz,0,5,11,Ñuflo De Chávez,1,Concepción,Candelaria (Ñ.de Chavez),U.E. Hno. Wendelin,2
2469,2,7084232,32,BOLIVIA,7,Santa Cruz,0,5,11,Ñuflo De Chávez,1,Concepción,El Carmen (Ñ.de Chavez),U.E. Hugo Edilberto Procchio Campos,1
2469,2,7084242,32,BOLIVIA,7,Santa Cruz,0,5,11,Ñuflo De Chávez,1,Concepción,El Carmen (Ñ.de Chavez),U.E. Hugo Edilberto Procchio Campos,2
2470,3,7084252,32,BOLIVIA,7,Santa Cruz,0,5,11,Ñuflo De Chávez,1,Concepción,Palmarito de la Frontera,U.E. 1ro de Mayo,1
2470,3,7084262,32,BOLIVIA,7,Santa Cruz,0,5,11,Ñuflo De Chávez,1,Concepción,Palmarito de la Frontera,U.E. 1ro de Mayo,2
2470,3,7084272,32,BOLIVIA,7,Santa Cruz,0,5,11,Ñuflo De Chávez,1,Concepción,Palmarito de la Frontera,U.E. 1ro de Mayo,3
2474,6,7084282,32,BOLIVIA,7,Santa Cruz,0,5,11,Ñuflo De Chávez,1,Concepción,San Pedro,U.E. San Pedro,1
3263,20033,7084292,32,BOLIVIA,7,Santa Cruz,0,5,11,Ñuflo De Chávez,1,Concepción,Makanaté,U.E. 19 de Marzo,1
3324,20034,7084302,32,BOLIVIA,7,Santa Cruz,0,5,11,Ñuflo De Chávez,1,Concepción,Palestina,U.E. Ricardo Barba,1
3581,1,7084312,32,BOLIVIA,7,Santa Cruz,0,5,11,Ñuflo De Chávez,1,Concepción,San Silvestre,U.E. Uruguayto Norte,1
3582,1,7084322,32,BOLIVIA,7,Santa Cruz,0,5,11,Ñuflo De Chávez,1,Concepción,Santa Mónica,U.E. Pablo Cuasace,1
3585,1,7084382,32,BOLIVIA,7,Santa Cruz,0,5,11,Ñuflo De Chávez,1,Concepción,Las Mercedes,U.E. Mercedes,1
3586,1,7084392,32,BOLIVIA,7,Santa Cruz,0,5,11,Ñuflo De Chávez,1,Concepción,Guayaba,U.E. Guayaba,1
3587,1,7084402,32,BOLIVIA,7,Santa Cruz,0,5,11,Ñuflo De Chávez,1,Concepción,Zapoco,U.E. Freddy Villalba,1
2477,9,7084802,32,BOLIVIA,7,Santa Cruz,0,5,11,Ñuflo De Chávez,2,San Javier                              ,Coronación,U.E. Coronación,1
2477,9,7084812,32,BOLIVIA,7,Santa Cruz,0,5,11,Ñuflo De Chávez,2,San Javier                              ,Coronación,U.E. Coronación,2
2477,9,7084822,32,BOLIVIA,7,Santa Cruz,0,5,11,Ñuflo De Chávez,2,San Javier                              ,Coronación,U.E. Coronación,3
3590,1,7084832,32,BOLIVIA,7,Santa Cruz,0,5,11,Ñuflo De Chávez,2,San Javier                              ,Santa Rita,U.E. Santa Rita,1
3591,1,7084842,32,BOLIVIA,7,Santa Cruz,0,5,11,Ñuflo De Chávez,2,San Javier                              ,Las Abras,U.E. Las Abras,1
3591,1,7084852,32,BOLIVIA,7,Santa Cruz,0,5,11,Ñuflo De Chávez,2,San Javier                              ,Las Abras,U.E. Las Abras,2
3592,1,7084862,32,BOLIVIA,7,Santa Cruz,0,5,11,Ñuflo De Chávez,2,San Javier                              ,Turux Napez,U.E. Turux Napez,1
4611,32362,7084882,32,BOLIVIA,7,Santa Cruz,0,5,11,Ñuflo De Chávez,2,San Javier                              ,Comunidad Indígena San Joaquín,U.E. San Joaquín,1
3596,1,7086432,32,BOLIVIA,7,Santa Cruz,0,5,11,Ñuflo De Chávez,4,San Julián,16 de Marzo,U.E. 16 de Marzo,1
3596,1,7086442,32,BOLIVIA,7,Santa Cruz,0,5,11,Ñuflo De Chávez,4,San Julián,16 de Marzo,U.E. 16 de Marzo,2
3596,1,7086452,32,BOLIVIA,7,Santa Cruz,0,5,11,Ñuflo De Chávez,4,San Julián,16 de Marzo,U.E. 16 de Marzo,3
2473,20005,7086482,32,BOLIVIA,7,Santa Cruz,0,5,11,Ñuflo De Chávez,5,San Antonio de Lomerio,El Puquio,U.E. El Puquio Cristo Rey,1
2473,20005,7086492,32,BOLIVIA,7,Santa Cruz,0,5,11,Ñuflo De Chávez,5,San Antonio de Lomerio,El Puquio,U.E. El Puquio Cristo Rey,2
2940,4,7086502,32,BOLIVIA,7,Santa Cruz,0,5,11,Ñuflo De Chávez,5,San Antonio de Lomerio,San Antonio de Lomerio,U.E. 13 de Junio,1
2940,4,7086512,32,BOLIVIA,7,Santa Cruz,0,5,11,Ñuflo De Chávez,5,San Antonio de Lomerio,San Antonio de Lomerio,U.E. 13 de Junio,2
2940,4,7086522,32,BOLIVIA,7,Santa Cruz,0,5,11,Ñuflo De Chávez,5,San Antonio de Lomerio,San Antonio de Lomerio,U.E. 13 de Junio,3
2940,4,7086532,32,BOLIVIA,7,Santa Cruz,0,5,11,Ñuflo De Chávez,5,San Antonio de Lomerio,San Antonio de Lomerio,U.E. 13 de Junio,4
2940,4,7086542,32,BOLIVIA,7,Santa Cruz,0,5,11,Ñuflo De Chávez,5,San Antonio de Lomerio,San Antonio de Lomerio,U.E. 13 de Junio,5
2940,4,7086552,32,BOLIVIA,7,Santa Cruz,0,5,11,Ñuflo De Chávez,5,San Antonio de Lomerio,San Antonio de Lomerio,U.E. 13 de Junio,6
2940,4,7086562,32,BOLIVIA,7,Santa Cruz,0,5,11,Ñuflo De Chávez,5,San Antonio de Lomerio,San Antonio de Lomerio,U.E. 13 de Junio,7
2941,23,7086572,32,BOLIVIA,7,Santa Cruz,0,5,11,Ñuflo De Chávez,5,San Antonio de Lomerio,Salinas,U.E. Villa Chavez,1
2941,23,7086582,32,BOLIVIA,7,Santa Cruz,0,5,11,Ñuflo De Chávez,5,San Antonio de Lomerio,Salinas,U.E. Villa Chavez,2
2942,20025,7086592,32,BOLIVIA,7,Santa Cruz,0,5,11,Ñuflo De Chávez,5,San Antonio de Lomerio,San Lorenzo,U.E. Suiza,1
2942,20025,7086602,32,BOLIVIA,7,Santa Cruz,0,5,11,Ñuflo De Chávez,5,San Antonio de Lomerio,San Lorenzo,U.E. Suiza,2
3425,25052,7086612,32,BOLIVIA,7,Santa Cruz,0,5,11,Ñuflo De Chávez,5,San Antonio de Lomerio,Fátima,U.E. Padre Pio,1
3597,1,7086622,32,BOLIVIA,7,Santa Cruz,0,5,11,Ñuflo De Chávez,5,San Antonio de Lomerio,Monterito,U.E. 3 de Mayo,1
3598,1,7086632,32,BOLIVIA,7,Santa Cruz,0,5,11,Ñuflo De Chávez,5,San Antonio de Lomerio,Holanda,U.E. 8 de Diciembre,1
3599,1,7086642,32,BOLIVIA,7,Santa Cruz,0,5,11,Ñuflo De Chávez,5,San Antonio de Lomerio,Las Trancas,U.E. 29 de Junio,1
3918,1,7086652,32,BOLIVIA,7,Santa Cruz,0,5,11,Ñuflo De Chávez,5,San Antonio de Lomerio,Palmira,U.E. Pedro Pablo Peña Garcia,1
4566,32274,7086662,32,BOLIVIA,7,Santa Cruz,0,5,11,Ñuflo De Chávez,5,San Antonio de Lomerio,San Simón,U.E. 1ro. de Enero,1
2491,12001,7087542,32,BOLIVIA,7,Santa Cruz,0,5,12,Angel Sandoval                          ,1,San Matías,Candelaria,U.E. Eduardo Abaroa,1
2491,12001,7087552,32,BOLIVIA,7,Santa Cruz,0,5,12,Angel Sandoval                          ,1,San Matías,Candelaria,U.E. Eduardo Abaroa,2
2492,12002,7087562,32,BOLIVIA,7,Santa Cruz,0,5,12,Angel Sandoval                          ,1,San Matías,Las Petas,U.E. Simón Bolívar,1
2492,12002,7087572,32,BOLIVIA,7,Santa Cruz,0,5,12,Angel Sandoval                          ,1,San Matías,Las Petas,U.E. Simón Bolívar,2
2492,12002,7087582,32,BOLIVIA,7,Santa Cruz,0,5,12,Angel Sandoval                          ,1,San Matías,Las Petas,U.E. Simón Bolívar,3
2494,5104,7087632,32,BOLIVIA,7,Santa Cruz,0,5,12,Angel Sandoval                          ,1,San Matías,Santo Corazón,U.E. Jose Eccli,1
2494,5104,7087642,32,BOLIVIA,7,Santa Cruz,0,5,12,Angel Sandoval                          ,1,San Matías,Santo Corazón,U.E. Jose Eccli,2
3600,1,7087652,32,BOLIVIA,7,Santa Cruz,0,5,12,Angel Sandoval                          ,1,San Matías,Santa Isabel,U.E. Santa Isabel,1
3601,1,7087662,32,BOLIVIA,7,Santa Cruz,0,5,12,Angel Sandoval                          ,1,San Matías,San Fernando,U.E. San Fernando,1
4441,26336,7087672,32,BOLIVIA,7,Santa Cruz,0,5,12,Angel Sandoval                          ,1,San Matías,Comunidad Indígena San José de la Frontera,U. E. San José de la Frontera,1
4442,26337,7087682,32,BOLIVIA,7,Santa Cruz,0,5,12,Angel Sandoval                          ,1,San Matías,Comunidad Indígena Santa Fe,U. E. Santa Fe,1
3977,1,7088942,32,BOLIVIA,7,Santa Cruz,0,5,14,Germán Busch,1,Puerto Suarez,Motacucito,U.E. Motacucito,1
2511,6004,7089522,32,BOLIVIA,7,Santa Cruz,0,5,14,Germán Busch,3,El Carmen Rivero Tórrez,Rincón del Tigre,U.E. Evangélico Rincón del Tigre,1
3603,1,7089692,32,BOLIVIA,7,Santa Cruz,0,5,14,Germán Busch,3,El Carmen Rivero Tórrez,Palmeras,U.E. Palmera,1
3603,1,7089702,32,BOLIVIA,7,Santa Cruz,0,5,14,Germán Busch,3,El Carmen Rivero Tórrez,Palmeras,U.E. Palmera,2
2519,7002,7090412,32,BOLIVIA,7,Santa Cruz,0,5,15,Guarayos                                ,1,Ascención de Guarayos,San Pablo,Esc. San Pablo,2
2519,7002,7090422,32,BOLIVIA,7,Santa Cruz,0,5,15,Guarayos                                ,1,Ascención de Guarayos,San Pablo,Esc. San Pablo,3
2519,7002,7090432,32,BOLIVIA,7,Santa Cruz,0,5,15,Guarayos                                ,1,Ascención de Guarayos,San Pablo,Esc. San Pablo,4
2519,7002,7090442,32,BOLIVIA,7,Santa Cruz,0,5,15,Guarayos                                ,1,Ascención de Guarayos,San Pablo,Esc. San Pablo,5
2520,7003,7090452,32,BOLIVIA,7,Santa Cruz,0,5,15,Guarayos                                ,1,Ascención de Guarayos,Santa María (Nueva Esperanza),U.E. Leonardo Cespedes,1
2520,7003,7090462,32,BOLIVIA,7,Santa Cruz,0,5,15,Guarayos                                ,1,Ascención de Guarayos,Santa María (Nueva Esperanza),U.E. Leonardo Cespedes,2
2520,7003,7090472,32,BOLIVIA,7,Santa Cruz,0,5,15,Guarayos                                ,1,Ascención de Guarayos,Santa María (Nueva Esperanza),U.E. Leonardo Cespedes,3
2520,7003,7090482,32,BOLIVIA,7,Santa Cruz,0,5,15,Guarayos                                ,1,Ascención de Guarayos,Santa María (Nueva Esperanza),U.E. Leonardo Cespedes,4
3367,1,7090492,32,BOLIVIA,7,Santa Cruz,0,5,15,Guarayos                                ,1,Ascención de Guarayos,Cerro Grande,Esc. 6 de Abril,1
3367,1,7090502,32,BOLIVIA,7,Santa Cruz,0,5,15,Guarayos                                ,1,Ascención de Guarayos,Cerro Grande,Esc. 6 de Abril,2
2521,7004,7090582,32,BOLIVIA,7,Santa Cruz,0,5,15,Guarayos                                ,2,Urubicha,Urubichá,U.E. Niño Jesús I,1
2521,7004,7090592,32,BOLIVIA,7,Santa Cruz,0,5,15,Guarayos                                ,2,Urubicha,Urubichá,U.E. Niño Jesús I,2
2521,7004,7090602,32,BOLIVIA,7,Santa Cruz,0,5,15,Guarayos                                ,2,Urubicha,Urubichá,U.E. Niño Jesús I,3
2521,7004,7090612,32,BOLIVIA,7,Santa Cruz,0,5,15,Guarayos                                ,2,Urubicha,Urubichá,U.E. Niño Jesús I,4
2521,7004,7090622,32,BOLIVIA,7,Santa Cruz,0,5,15,Guarayos                                ,2,Urubicha,Urubichá,U.E. Niño Jesús I,5
2521,7004,7090642,32,BOLIVIA,7,Santa Cruz,0,5,15,Guarayos                                ,2,Urubicha,Urubichá,U.E. Niño Jesús I,7
2521,7004,7090652,32,BOLIVIA,7,Santa Cruz,0,5,15,Guarayos                                ,2,Urubicha,Urubichá,U.E. Niño Jesús I,8
2521,7004,7090662,32,BOLIVIA,7,Santa Cruz,0,5,15,Guarayos                                ,2,Urubicha,Urubichá,U.E. Niño Jesús I,9
2521,7004,7090672,32,BOLIVIA,7,Santa Cruz,0,5,15,Guarayos                                ,2,Urubicha,Urubichá,U.E. Niño Jesús I,10
2521,32112,7090682,32,BOLIVIA,7,Santa Cruz,0,5,15,Guarayos                                ,2,Urubicha,Urubichá,U. E. José Cors,1
2522,7006,7090692,32,BOLIVIA,7,Santa Cruz,0,5,15,Guarayos                                ,2,Urubicha,Yaguarú,Esc. Nucleo Escolar Yaguaru,1
2522,7006,7090702,32,BOLIVIA,7,Santa Cruz,0,5,15,Guarayos                                ,2,Urubicha,Yaguarú,Esc. Nucleo Escolar Yaguaru,2
2522,7006,7090712,32,BOLIVIA,7,Santa Cruz,0,5,15,Guarayos                                ,2,Urubicha,Yaguarú,Esc. Nucleo Escolar Yaguaru,3
2522,7006,7090722,32,BOLIVIA,7,Santa Cruz,0,5,15,Guarayos                                ,2,Urubicha,Yaguarú,Esc. Nucleo Escolar Yaguaru,4
2522,7006,7090742,32,BOLIVIA,7,Santa Cruz,0,5,15,Guarayos                                ,2,Urubicha,Yaguarú,Esc. Nucleo Escolar Yaguaru,6
2523,7005,7090752,32,BOLIVIA,7,Santa Cruz,0,5,15,Guarayos                                ,2,Urubicha,Monseñor Salvatierra,Esc. Secc. Mon. Salvatierra,1
3604,1,7090762,32,BOLIVIA,7,Santa Cruz,0,5,15,Guarayos                                ,2,Urubicha,Santa Teresita (Cururu),U.E. 1ro de abril,1
2525,7008,7090892,32,BOLIVIA,7,Santa Cruz,0,5,15,Guarayos                                ,3,El Puente,Yotaú,Esc. San Jose De Yotau,1
2525,7008,7090902,32,BOLIVIA,7,Santa Cruz,0,5,15,Guarayos                                ,3,El Puente,Yotaú,Esc. San Jose De Yotau,2
2525,7008,7090912,32,BOLIVIA,7,Santa Cruz,0,5,15,Guarayos                                ,3,El Puente,Yotaú,Esc. San Jose De Yotau,3
2525,7008,7090922,32,BOLIVIA,7,Santa Cruz,0,5,15,Guarayos                                ,3,El Puente,Yotaú,Esc. San Jose De Yotau,4
2525,7008,7090932,32,BOLIVIA,7,Santa Cruz,0,5,15,Guarayos                                ,3,El Puente,Yotaú,Esc. San Jose De Yotau,5
2525,7008,7090942,32,BOLIVIA,7,Santa Cruz,0,5,15,Guarayos                                ,3,El Puente,Yotaú,Esc. San Jose De Yotau,6
2525,7008,7090952,32,BOLIVIA,7,Santa Cruz,0,5,15,Guarayos                                ,3,El Puente,Yotaú,Esc. San Jose De Yotau,7
3190,7012,7091042,32,BOLIVIA,7,Santa Cruz,0,5,15,Guarayos                                ,3,El Puente,Limoncito,Esc. Seccional Limoncito,1
3606,1,7091082,32,BOLIVIA,7,Santa Cruz,0,5,15,Guarayos                                ,3,El Puente,Cachuela,Esc. Cachuela,1
3609,1,7091102,32,BOLIVIA,7,Santa Cruz,0,5,15,Guarayos                                ,3,El Puente,El Combate,Esc. El Combate,1
3070,1,8004042,32,BOLIVIA,8,Beni,0,6,1,Cercado                                 ,1,Trinidad,Ibiato,Escuela Iviato,1
3070,1,8004052,32,BOLIVIA,8,Beni,0,6,1,Cercado                                 ,1,Trinidad,Ibiato,Escuela Iviato,2
2535,2,8004132,32,BOLIVIA,8,Beni,0,6,1,Cercado                                 ,2,San Javier,San Pedro,Escuela San Pedro,1
2535,2,8004142,32,BOLIVIA,8,Beni,0,6,1,Cercado                                 ,2,San Javier,San Pedro,Escuela San Pedro,2
2535,2,8004152,32,BOLIVIA,8,Beni,0,6,1,Cercado                                 ,2,San Javier,San Pedro,Escuela San Pedro,3
3099,1,8007132,32,BOLIVIA,8,Beni,0,6,2,Vaca Diez                               ,1,Riberalta,Alto Ivon,Escuela Alto Ivon,1
3099,1,8007142,32,BOLIVIA,8,Beni,0,6,2,Vaca Diez                               ,1,Riberalta,Alto Ivon,Escuela Alto Ivon,2
3099,1,8007152,32,BOLIVIA,8,Beni,0,6,2,Vaca Diez                               ,1,Riberalta,Alto Ivon,Escuela Alto Ivon,3
4419,26176,8007252,32,BOLIVIA,8,Beni,0,6,2,Vaca Diez                               ,1,Riberalta,Recreo,U.E. Recreo,1
4420,26177,8007262,32,BOLIVIA,8,Beni,0,6,2,Vaca Diez                               ,1,Riberalta,Alta Gracia,U.E. 23 de Marzo,1
4509,32144,8007272,32,BOLIVIA,8,Beni,0,6,2,Vaca Diez                               ,1,Riberalta,Los Cayuses,U.E. Los Cayuses,1
2556,1,8008792,32,BOLIVIA,8,Beni,0,6,3,General José Ballivián,1,Reyes,Puerto Cavinas,Esc. Central Puerto Cavinas,1
2885,1,8008802,32,BOLIVIA,8,Beni,0,6,3,General José Ballivián,1,Reyes,San Marcos,Esc. San Marcos,1
3076,1,8008812,32,BOLIVIA,8,Beni,0,6,3,General José Ballivián,1,Reyes,Baqueti,U. E. 9 de Agosto,1
3077,1,8008822,32,BOLIVIA,8,Beni,0,6,3,General José Ballivián,1,Reyes,Buen Destino,Esc. Buen Destino,1
3078,1,8008832,32,BOLIVIA,8,Beni,0,6,3,General José Ballivián,1,Reyes,Soraida,Esc. Soraida,1
3384,1,8008842,32,BOLIVIA,8,Beni,0,6,3,General José Ballivián,1,Reyes,California,Escuela De California,1
3516,1,8008852,32,BOLIVIA,8,Beni,0,6,3,General José Ballivián,1,Reyes,San Jose Maropa,Esc. San Jose,1
3676,1,8008862,32,BOLIVIA,8,Beni,0,6,3,General José Ballivián,1,Reyes,El Triunfo Rio Biata,Esc. Constanza Vargas,1
3868,1,8008872,32,BOLIVIA,8,Beni,0,6,3,General José Ballivián,1,Reyes,Carmen Alto,U.E. Carmen Alto,1
4614,32369,8008902,32,BOLIVIA,8,Beni,0,6,3,General José Ballivián,1,Reyes,Santa Catalina,U.E. Santa Catalina,1
2568,1,8009702,32,BOLIVIA,8,Beni,0,6,3,General José Ballivián,2,San Borja                               ,Remanso del Maniqui,Esc. S. Juan Del Remanzo,1
2569,1,8009712,32,BOLIVIA,8,Beni,0,6,3,General José Ballivián,2,San Borja                               ,La Cruz,Esc. La Cruz,1
2569,1,8009722,32,BOLIVIA,8,Beni,0,6,3,General José Ballivián,2,San Borja                               ,La Cruz,Esc. La Cruz,2
2569,1,8009732,32,BOLIVIA,8,Beni,0,6,3,General José Ballivián,2,San Borja                               ,La Cruz,Esc. La Cruz,3
2569,1,8009742,32,BOLIVIA,8,Beni,0,6,3,General José Ballivián,2,San Borja                               ,La Cruz,Esc. La Cruz,4
2570,1,8009752,32,BOLIVIA,8,Beni,0,6,3,General José Ballivián,2,San Borja                               ,Puerto Yucumo,U. E. Puerto Yucumo,1
2570,1,8009762,32,BOLIVIA,8,Beni,0,6,3,General José Ballivián,2,San Borja                               ,Puerto Yucumo,U. E. Puerto Yucumo,2
2570,1,8009772,32,BOLIVIA,8,Beni,0,6,3,General José Ballivián,2,San Borja                               ,Puerto Yucumo,U. E. Puerto Yucumo,3
2571,1,8009782,32,BOLIVIA,8,Beni,0,6,3,General José Ballivián,2,San Borja                               ,El Chacal,Esc. El Chacal,1
2571,1,8009792,32,BOLIVIA,8,Beni,0,6,3,General José Ballivián,2,San Borja                               ,El Chacal,Esc. El Chacal,2
2571,1,8009802,32,BOLIVIA,8,Beni,0,6,3,General José Ballivián,2,San Borja                               ,El Chacal,Esc. El Chacal,3
3517,1,8009832,32,BOLIVIA,8,Beni,0,6,3,General José Ballivián,2,San Borja                               ,Tacuaral de Mattos,Esc. Tacuaral De Mattos,1
3517,1,8009842,32,BOLIVIA,8,Beni,0,6,3,General José Ballivián,2,San Borja                               ,Tacuaral de Mattos,Esc. Tacuaral De Mattos,2
3517,1,8009852,32,BOLIVIA,8,Beni,0,6,3,General José Ballivián,2,San Borja                               ,Tacuaral de Mattos,Esc. Tacuaral De Mattos,3
3518,1,8009862,32,BOLIVIA,8,Beni,0,6,3,General José Ballivián,2,San Borja                               ,Indígenas Arenales,Esc. Indigena Arenales,1
3518,1,8009872,32,BOLIVIA,8,Beni,0,6,3,General José Ballivián,2,San Borja                               ,Indígenas Arenales,Esc. Indigena Arenales,2
3518,1,8009882,32,BOLIVIA,8,Beni,0,6,3,General José Ballivián,2,San Borja                               ,Indígenas Arenales,Esc. Indigena Arenales,3
3519,1,8009892,32,BOLIVIA,8,Beni,0,6,3,General José Ballivián,2,San Borja                               ,Misión Fatima,Esc. Mision Fatima,1
3519,1,8009902,32,BOLIVIA,8,Beni,0,6,3,General José Ballivián,2,San Borja                               ,Misión Fatima,Esc. Mision Fatima,2
3519,1,8009912,32,BOLIVIA,8,Beni,0,6,3,General José Ballivián,2,San Borja                               ,Misión Fatima,Esc. Mision Fatima,3
3871,1,8009942,32,BOLIVIA,8,Beni,0,6,3,General José Ballivián,2,San Borja                               ,Manguito,U.E. Manguito,1
3871,1,8009952,32,BOLIVIA,8,Beni,0,6,3,General José Ballivián,2,San Borja                               ,Manguito,U.E. Manguito,2
3871,1,8009962,32,BOLIVIA,8,Beni,0,6,3,General José Ballivián,2,San Borja                               ,Manguito,U.E. Manguito,3
4231,25863,8010022,32,BOLIVIA,8,Beni,0,6,3,General José Ballivián,2,San Borja                               ,Puente Yucumo,U.E. Cooperativa Chimane,1
4231,25863,8010032,32,BOLIVIA,8,Beni,0,6,3,General José Ballivián,2,San Borja                               ,Puente Yucumo,U.E. Cooperativa Chimane,2
4418,26175,8010042,32,BOLIVIA,8,Beni,0,6,3,General José Ballivián,2,San Borja                               ,Cosincho,U.E. Cosincho,1
4418,26175,8010052,32,BOLIVIA,8,Beni,0,6,3,General José Ballivián,2,San Borja                               ,Cosincho,U.E. Cosincho,2
3520,1,8010872,32,BOLIVIA,8,Beni,0,6,3,General José Ballivián,4,Puerto Menor de Rurrenabaque,Asunción de Quiquibey,Esc. Asuncion Del Quiquibey,1
4232,25864,8010932,32,BOLIVIA,8,Beni,0,6,3,General José Ballivián,4,Puerto Menor de Rurrenabaque,Bajo Colorado,U.E. Bajo Colorado,1
4232,25864,8010942,32,BOLIVIA,8,Beni,0,6,3,General José Ballivián,4,Puerto Menor de Rurrenabaque,Bajo Colorado,U.E. Bajo Colorado,2
2587,1,8011392,32,BOLIVIA,8,Beni,0,6,4,Yacuma                                  ,1,Santa Ana                               ,Los Montes de Oro,Esc. Los Montes De Oro,1
4579,32291,8011422,32,BOLIVIA,8,Beni,0,6,4,Yacuma                                  ,1,Santa Ana                               ,Carmen del Matto,U.E. Carmen del Matto,1
2583,1,8011462,32,BOLIVIA,8,Beni,0,6,4,Yacuma                                  ,2,Exaltación                              ,Coquinal,Esc. Coquinal,1
2584,1,8011472,32,BOLIVIA,8,Beni,0,6,4,Yacuma                                  ,2,Exaltación                              ,San Carlos,Esc. San Carlos,1
2585,1,8011482,32,BOLIVIA,8,Beni,0,6,4,Yacuma                                  ,2,Exaltación                              ,El Trompillo Mamoré,Esc. El Trompillo,1
2586,1,8011492,32,BOLIVIA,8,Beni,0,6,4,Yacuma                                  ,2,Exaltación                              ,Rancho Ginebra,Esc. El Motacusal,1
3102,1,8011502,32,BOLIVIA,8,Beni,0,6,4,Yacuma                                  ,2,Exaltación                              ,Cooperativa,Esc. Cooperativa,1
3521,1,8011522,32,BOLIVIA,8,Beni,0,6,4,Yacuma                                  ,2,Exaltación                              ,Nueva Esperanza,Esc. Nueva Esperanza,1
3522,1,8011532,32,BOLIVIA,8,Beni,0,6,4,Yacuma                                  ,2,Exaltación                              ,Campo Ana Maria,Esc. Campo Ana Maria,1
4117,1,8011542,32,BOLIVIA,8,Beni,0,6,4,Yacuma                                  ,2,Exaltación                              ,Las Abras de Yacuma,U.E. Las Abras De Yacuma,1
4486,32117,8011552,32,BOLIVIA,8,Beni,0,6,4,Yacuma                                  ,2,Exaltación                              ,Bienvenido,U.E. Bienvenido,1
2598,1,8011912,32,BOLIVIA,8,Beni,0,6,5,Moxos                                   ,1,San Ignacio,Fatima,Esc. Fatima,1
2600,1,8011922,32,BOLIVIA,8,Beni,0,6,5,Moxos                                   ,1,San Ignacio,Argentina,Esc. La Argentina,1
2604,1,8011942,32,BOLIVIA,8,Beni,0,6,5,Moxos                                   ,1,San Ignacio,San Francisco,Esc. San Francisco,1
2604,1,8011952,32,BOLIVIA,8,Beni,0,6,5,Moxos                                   ,1,San Ignacio,San Francisco,Esc. San Francisco,2
2605,1,8011962,32,BOLIVIA,8,Beni,0,6,5,Moxos                                   ,1,San Ignacio,San Lorenzo de Moxos,Esc. Ovidio Roca C.,1
2605,1,8011972,32,BOLIVIA,8,Beni,0,6,5,Moxos                                   ,1,San Ignacio,San Lorenzo de Moxos,Esc. Ovidio Roca C.,2
2605,1,8011982,32,BOLIVIA,8,Beni,0,6,5,Moxos                                   ,1,San Ignacio,San Lorenzo de Moxos,Esc. Ovidio Roca C.,3
2609,1,8012002,32,BOLIVIA,8,Beni,0,6,5,Moxos                                   ,1,San Ignacio,Santisima Trinidad,Escuela Santísima Trinidad,1
2609,1,8012012,32,BOLIVIA,8,Beni,0,6,5,Moxos                                   ,1,San Ignacio,Santisima Trinidad,Escuela Santísima Trinidad,2
2610,1,8012022,32,BOLIVIA,8,Beni,0,6,5,Moxos                                   ,1,San Ignacio,Puerto San Lorenzo de Moxos,Esc. Pto. San Lorenzo,1
2611,1,8012032,32,BOLIVIA,8,Beni,0,6,5,Moxos                                   ,1,San Ignacio,San Miguelito del Isiboro,Esc. San Miguelito Isiboro,1
2824,1,8012042,32,BOLIVIA,8,Beni,0,6,5,Moxos                                   ,1,San Ignacio,Litoral,Esc. Litoral,1
3110,1,8012072,32,BOLIVIA,8,Beni,0,6,5,Moxos                                   ,1,San Ignacio,Mercedes de Lojojota,Esc. Mercedes De Lojojota,1
3406,1,8012092,32,BOLIVIA,8,Beni,0,6,5,Moxos                                   ,1,San Ignacio,Bermeo,Escuela De Bermeo,1
3757,1,8012102,32,BOLIVIA,8,Beni,0,6,5,Moxos                                   ,1,San Ignacio,Oromomo,Esc. Oromomo,1
3757,1,8012112,32,BOLIVIA,8,Beni,0,6,5,Moxos                                   ,1,San Ignacio,Oromomo,Esc. Oromomo,2
4358,26060,8012132,32,BOLIVIA,8,Beni,0,6,5,Moxos                                   ,1,San Ignacio,San José del Secure,U.E. San José del Secure,1
4595,32337,8012142,32,BOLIVIA,8,Beni,0,6,5,Moxos                                   ,1,San Ignacio,Comunidad Indígena San Ramoncito Rio Ichoa Tipnis,U.E. San Mateo de San Ramoncito,1
2602,1,8012152,32,BOLIVIA,8,Beni,0,6,5,Moxos                                   ,2,TIOC Territorio Indígena Multiétnico - TIM,Santa Rosa Rio Apere,Esc. Central Santa Rosa,1
2603,1,8012162,32,BOLIVIA,8,Beni,0,6,5,Moxos                                   ,2,TIOC Territorio Indígena Multiétnico - TIM,Pueblo Nuevo,Esc. Sub Central Pueblo Nuevo,1
2606,1,8012172,32,BOLIVIA,8,Beni,0,6,5,Moxos                                   ,2,TIOC Territorio Indígena Multiétnico - TIM,Monte Grande,Esc. Monte Grande,1
2606,1,8012182,32,BOLIVIA,8,Beni,0,6,5,Moxos                                   ,2,TIOC Territorio Indígena Multiétnico - TIM,Monte Grande,Esc. Monte Grande,2
2825,1,8012192,32,BOLIVIA,8,Beni,0,6,5,Moxos                                   ,2,TIOC Territorio Indígena Multiétnico - TIM,Retiro,Esc. Retiro,1
2886,1,8012202,32,BOLIVIA,8,Beni,0,6,5,Moxos                                   ,2,TIOC Territorio Indígena Multiétnico - TIM,Puerto San Borja,Esc. Puerto San Borja,1
3106,1,8012212,32,BOLIVIA,8,Beni,0,6,5,Moxos                                   ,2,TIOC Territorio Indígena Multiétnico - TIM,San José del Cabitu,Esc. San Jose Del Cabitu,1
3106,1,8012222,32,BOLIVIA,8,Beni,0,6,5,Moxos                                   ,2,TIOC Territorio Indígena Multiétnico - TIM,San José del Cabitu,Esc. San Jose Del Cabitu,2
2621,1,8012932,32,BOLIVIA,8,Beni,0,6,7,Mamoré,1,San Joaquín,Puerto Ustarez,Esc. Puerto Ustarez,1
3079,1,8012942,32,BOLIVIA,8,Beni,0,6,7,Mamoré,1,San Joaquín,Moré Monte Azul,Esc. More Monte Azul,1
2619,1,8013102,32,BOLIVIA,8,Beni,0,6,7,Mamoré,3,Puerto Siles,Santa Rosa de Vigo,Esc. Santa Rosa,1
2622,1,8013112,32,BOLIVIA,8,Beni,0,6,7,Mamoré,3,Puerto Siles,Alejandría,Esc. Alejandria,1
2646,1,8013312,32,BOLIVIA,8,Beni,0,6,8,Iténez                                  ,1,Magdalena                               ,La Cayoba,Esc. La Cayoba,1
2647,1,8013322,32,BOLIVIA,8,Beni,0,6,8,Iténez                                  ,1,Magdalena                               ,Santa María del Itenez,Esc. Santa Maria,1
2648,1,8013332,32,BOLIVIA,8,Beni,0,6,8,Iténez                                  ,1,Magdalena                               ,Versalles,Esc. Central 1o. De Mayo,1
4578,32289,8013452,32,BOLIVIA,8,Beni,0,6,8,Iténez                                  ,1,Magdalena                               ,Nueva Brema,U.E. Nueva Brema,1
3525,1,8013632,32,BOLIVIA,8,Beni,0,6,8,Iténez                                  ,2,Baures,El Cairo II,Esc. Cairo II,1
4417,26174,8013642,32,BOLIVIA,8,Beni,0,6,8,Iténez                                  ,2,Baures,Mategua,U.E. Mategua,1
3526,1,9002112,32,BOLIVIA,9,Pando,0,7,1,Nicolás Suárez,3,Bolpebra,Yaminahua,U.E. De Yaminahua,1
3869,1,9002122,32,BOLIVIA,9,Pando,0,7,1,Nicolás Suárez,3,Bolpebra,San Miguel de Machineri,U.E. San Miguel,1
1129,26,9002202,32,BOLIVIA,9,Pando,0,7,1,Nicolás Suárez,4,Bella Flor                              ,Mapajo (Samahuma),U.E. Mapajo,1
3527,1,9002262,32,BOLIVIA,9,Pando,0,7,1,Nicolás Suárez,4,Bella Flor                              ,Florida (TCO),U.E. De Florida,1
3401,1,9002552,32,BOLIVIA,9,Pando,0,7,2,Manuripi                                ,2,San Pedro                               ,3 Estrellas (TCO),U.E.  Jorge Haensel,1
3401,1,9002562,32,BOLIVIA,9,Pando,0,7,2,Manuripi                                ,2,San Pedro                               ,3 Estrellas (TCO),U.E.  Jorge Haensel,2
1157,51,9002902,32,BOLIVIA,9,Pando,0,7,3,Madre de Dios                           ,1,Puerto Gonzalo Moreno,Portachuelo Centro,U.E.  Portachuelo Dios Es Amor,1
1157,51,9002912,32,BOLIVIA,9,Pando,0,7,3,Madre de Dios                           ,1,Puerto Gonzalo Moreno,Portachuelo Centro,U.E.  Portachuelo Dios Es Amor,2
1157,26075,9002922,32,BOLIVIA,9,Pando,0,7,3,Madre de Dios                           ,1,Puerto Gonzalo Moreno,Portachuelo Centro,Sede Portachuelo Medio (Tacana),1
1161,50,9002972,32,BOLIVIA,9,Pando,0,7,3,Madre de Dios                           ,1,Puerto Gonzalo Moreno,Miraflores,U.E. Miraflores,1
1161,50,9002982,32,BOLIVIA,9,Pando,0,7,3,Madre de Dios                           ,1,Puerto Gonzalo Moreno,Miraflores,U.E. Miraflores,2
3881,1,9002992,32,BOLIVIA,9,Pando,0,7,3,Madre de Dios                           ,1,Puerto Gonzalo Moreno,Contravaricia,U.E. 2 de Agosto,1
1142,35,9003002,32,BOLIVIA,9,Pando,0,7,3,Madre de Dios                           ,2,San Lorenzo                             ,Loreto,U.E.  6 de Junio,1
1164,55,9003012,32,BOLIVIA,9,Pando,0,7,3,Madre de Dios                           ,2,San Lorenzo                             ,Palestina (M.de Dios),U.E.  Genoveva Rios,1
1166,54,9003022,32,BOLIVIA,9,Pando,0,7,3,Madre de Dios                           ,2,San Lorenzo                             ,Trinidacito,U.E. Gregoria Destre Maturana,1
1166,54,9003032,32,BOLIVIA,9,Pando,0,7,3,Madre de Dios                           ,2,San Lorenzo                             ,Trinidacito,U.E. Gregoria Destre Maturana,2
2754,56,9003082,32,BOLIVIA,9,Pando,0,7,3,Madre de Dios                           ,2,San Lorenzo                             ,Vista Alegre,U.E. Vista Alegre,1
2754,56,9003092,32,BOLIVIA,9,Pando,0,7,3,Madre de Dios                           ,2,San Lorenzo                             ,Vista Alegre,U.E. Vista Alegre,2
2800,57,9003102,32,BOLIVIA,9,Pando,0,7,3,Madre de Dios                           ,2,San Lorenzo                             ,Galilea,U.E. Galilea,1
3067,1,9003112,32,BOLIVIA,9,Pando,0,7,3,Madre de Dios                           ,2,San Lorenzo                             ,Sinaí,U.E.  Bruno Racua,1
3253,1,9003132,32,BOLIVIA,9,Pando,0,7,3,Madre de Dios                           ,2,San Lorenzo                             ,Naranjal,U.E.  Soledad,1
3253,1,9003142,32,BOLIVIA,9,Pando,0,7,3,Madre de Dios                           ,2,San Lorenzo                             ,Naranjal,U.E.  Soledad,2
3428,25028,9003152,32,BOLIVIA,9,Pando,0,7,3,Madre de Dios                           ,2,San Lorenzo                             ,San Salvador,Escuela Eduardo Abaroa,1
3882,1,9003162,32,BOLIVIA,9,Pando,0,7,3,Madre de Dios                           ,2,San Lorenzo                             ,Samaria,U.E. 21 de Septiembre,1
3883,1,9003172,32,BOLIVIA,9,Pando,0,7,3,Madre de Dios                           ,2,San Lorenzo                             ,Genechiquia,U.E. 6 de Agosto,1
3884,1,9003182,32,BOLIVIA,9,Pando,0,7,3,Madre de Dios                           ,2,San Lorenzo                             ,Exaltación,U.E. 27 de Mayo,1
3885,1,9003192,32,BOLIVIA,9,Pando,0,7,3,Madre de Dios                           ,2,San Lorenzo                             ,Nuevo Horizonte,U.E. Nuevo Horizonte,1
4251,25934,9003212,32,BOLIVIA,9,Pando,0,7,3,Madre de Dios                           ,2,San Lorenzo                             ,El Retorno,U.E. Simón Bolivar,1
4275,25961,9003242,32,BOLIVIA,9,Pando,0,7,3,Madre de Dios                           ,2,San Lorenzo                             ,Nueva Esperanza,U. E. 21 de Septiembre,1
3530,1,9003452,32,BOLIVIA,9,Pando,0,7,3,Madre de Dios                           ,3,Sena,El Turi (Comunidad Indígena),U.E. El Turi (Rio Manurape),1
4105,25514,9003512,32,BOLIVIA,9,Pando,0,7,3,Madre de Dios                           ,3,Sena,Monte Sinai,U.E. Juana Azurduy De Padilla,1
3531,1,9003672,32,BOLIVIA,9,Pando,0,7,4,Abuná,2,Ingavi                                  ,Las Amalias,U.E. Las Amalias,1
4268,25954,9003772,32,BOLIVIA,9,Pando,0,7,5,Federico Román,1,Nueva Esperanza,La Selva,U. E. San Andrés,1
